21:44.6,4095
21:44.6,249
21:44.6,66.00%
21:44.6,30.60 *C
21:44.6, 87.08 *F
21:44.6,95.85 *F
21:54.6,4095
21:54.6,240
21:54.6,66.00%
21:54.6,30.50 *C
21:54.6, 86.90 *F
21:54.6,95.43 *F
22:04.6,4095
22:04.6,245
22:04.6,66.00%
22:04.6,30.60 *C
22:04.6, 87.08 *F
22:04.6,95.85 *F
22:14.6,4095
22:14.6,247
22:14.7,66.00%
22:14.7,30.80 *C
22:14.7, 87.44 *F
22:14.7,96.71 *F
22:24.7,4095
22:24.7,272
22:24.7,66.00%
22:24.7,30.80 *C
22:24.7, 87.44 *F
22:24.7,96.71 *F
22:34.7,4095
22:34.7,274
22:34.7,66.00%
22:34.7,30.80 *C
22:34.7, 87.44 *F
22:34.7,96.71 *F
22:44.7,4095
22:44.7,272
22:44.7,66.00%
22:44.7,30.80 *C
22:44.7, 87.44 *F
22:44.7,96.71 *F
22:54.7,4095
22:54.7,252
22:54.8,66.00%
22:54.8,30.80 *C
22:54.8, 87.44 *F
22:54.8,96.71 *F
23:04.8,4095
23:04.8,249
23:04.8,66.00%
23:04.8,30.80 *C
23:04.8, 87.44 *F
23:04.8,96.71 *F
23:14.8,4095
23:14.8,271
23:14.8,66.00%
23:14.8,30.80 *C
23:14.8, 87.44 *F
23:14.8,96.71 *F
23:24.8,4095
23:24.8,257
23:24.8,66.00%
23:24.8,30.80 *C
23:24.8, 87.44 *F
23:24.8,96.71 *F
23:34.8,4095
23:34.8,259
23:34.9,66.00%
23:34.9,30.80 *C
23:34.9, 87.44 *F
23:34.9,96.71 *F
23:44.8,4095
23:44.9,253
23:44.9,66.00%
23:44.9,30.80 *C
23:44.9, 87.44 *F
23:44.9,96.71 *F
23:54.9,4095
23:54.9,247
23:54.9,66.00%
23:54.9,30.80 *C
23:54.9, 87.44 *F
23:54.9,96.71 *F
24:04.9,4095
24:04.9,251
24:04.9,66.00%
24:04.9,30.80 *C
24:04.9, 87.44 *F
24:04.9,96.71 *F
24:14.9,4095
24:14.9,261
24:15.0,66.00%
24:15.0,30.80 *C
24:15.0, 87.44 *F
24:15.0,96.71 *F
24:25.0,4095
24:25.0,272
24:25.0,66.00%
24:25.0,30.80 *C
24:25.0, 87.44 *F
24:25.0,96.71 *F
24:35.0,4095
24:35.0,253
24:35.0,66.00%
24:35.0,30.80 *C
24:35.0, 87.44 *F
24:35.0,96.71 *F
24:45.0,4095
24:46.3,243
24:46.3,66.00%
24:46.3,30.80 *C
24:46.3, 87.44 *F
24:46.3,96.71 *F
24:55.0,4095
24:55.0,267
24:55.1,66.00%
24:55.1,30.80 *C
24:55.1, 87.44 *F
24:55.1,96.71 *F
25:05.1,4095
25:05.1,235
25:05.1,66.00%
25:05.1,30.80 *C
25:05.1, 87.44 *F
25:05.1,96.71 *F
25:15.1,4095
25:15.1,242
25:15.1,66.00%
25:15.1,30.80 *C
25:15.1, 87.44 *F
25:15.1,96.71 *F
25:25.1,4095
25:25.1,271
25:25.1,66.00%
25:25.1,30.80 *C
25:25.1, 87.44 *F
25:25.1,96.71 *F
25:35.1,4095
25:35.1,246
25:35.2,66.00%
25:35.2,30.80 *C
25:35.2, 87.44 *F
25:35.2,96.71 *F
25:45.1,4095
25:45.1,256
25:45.2,66.00%
25:45.2,30.80 *C
25:45.2, 87.44 *F
25:45.2,96.71 *F
25:55.2,4095
25:55.2,246
25:55.2,66.00%
25:55.2,30.80 *C
25:55.2, 87.44 *F
25:55.2,96.71 *F
26:05.2,4095
26:05.2,270
26:05.2,66.00%
26:05.2,30.80 *C
26:05.2, 87.44 *F
26:05.2,96.71 *F
26:15.2,4095
26:15.2,246
26:15.3,66.00%
26:15.3,30.80 *C
26:15.3, 87.44 *F
26:15.3,96.71 *F
26:25.3,4095
26:25.3,272
26:25.3,66.00%
26:25.3,30.80 *C
26:25.3, 87.44 *F
26:25.3,96.71 *F
26:35.3,4095
26:35.3,263
26:35.3,66.00%
26:35.3,30.80 *C
26:35.3, 87.44 *F
26:35.3,96.71 *F
26:45.3,4095
26:45.3,250
26:45.3,66.00%
26:45.3,30.80 *C
26:45.3, 87.44 *F
26:45.3,96.71 *F
26:55.3,4095
26:55.3,244
26:55.3,66.00%
26:55.4,30.80 *C
26:55.4, 87.44 *F
26:55.4,96.71 *F
27:05.3,4095
27:05.4,246
27:05.4,66.00%
27:05.4,30.80 *C
27:05.4, 87.44 *F
27:05.4,96.71 *F
27:15.4,4095
27:15.4,262
27:15.4,66.00%
27:15.4,30.80 *C
27:15.4, 87.44 *F
27:15.4,96.71 *F
27:25.4,4095
27:25.4,250
27:25.4,66.00%
27:25.4,30.80 *C
27:25.4, 87.44 *F
27:25.4,96.71 *F
27:35.4,4095
27:35.4,253
27:35.4,66.00%
27:35.5,30.80 *C
27:35.5, 87.44 *F
27:35.5,96.71 *F
27:45.4,4095
27:45.4,250
27:45.5,66.00%
27:45.5,30.80 *C
27:45.5, 87.44 *F
27:45.5,96.71 *F
27:55.5,4095
27:55.5,257
27:55.5,66.00%
27:55.5,30.80 *C
27:55.5, 87.44 *F
27:55.5,96.71 *F
28:05.5,4095
28:05.5,253
28:05.5,66.00%
28:05.5,30.80 *C
28:05.5, 87.44 *F
28:05.5,96.71 *F
28:15.5,4095
28:15.5,263
28:15.5,66.00%
28:15.5,30.80 *C
28:15.5, 87.44 *F
28:15.5,96.71 *F
28:25.5,4095
28:25.5,247
28:25.6,66.00%
28:25.6,30.80 *C
28:25.6, 87.44 *F
28:25.6,96.71 *F
28:35.6,4095
28:35.6,262
28:35.6,66.00%
28:35.6,30.80 *C
28:35.6, 87.44 *F
28:35.6,96.71 *F
28:45.6,4095
28:45.6,255
28:45.6,66.00%
28:45.6,30.80 *C
28:45.6, 87.44 *F
28:45.6,96.71 *F
28:55.6,4095
28:55.6,262
28:55.6,66.00%
28:55.6,30.80 *C
28:55.6, 87.44 *F
28:55.6,96.71 *F
29:05.6,4095
29:05.6,246
29:05.7,66.00%
29:05.7,30.80 *C
29:05.7, 87.44 *F
29:05.7,96.71 *F
29:15.7,4095
29:15.7,259
29:15.7,66.00%
29:15.7,30.80 *C
29:15.7, 87.44 *F
29:15.7,96.71 *F
29:25.7,4095
29:25.7,245
29:25.7,66.00%
29:25.7,30.80 *C
29:25.7, 87.44 *F
29:25.7,96.71 *F
29:35.7,4095
29:35.7,259
29:35.7,66.00%
29:35.7,30.80 *C
29:35.7, 87.44 *F
29:35.7,96.71 *F
29:45.7,4095
29:45.7,274
29:45.8,66.00%
29:45.8,30.80 *C
29:45.8, 87.44 *F
29:45.8,96.71 *F
29:55.8,4095
29:55.8,243
29:55.8,66.00%
29:55.8,30.80 *C
29:55.8, 87.44 *F
29:55.8,96.71 *F
30:05.8,4095
30:05.8,245
30:05.8,66.00%
30:05.8,30.80 *C
30:05.8, 87.44 *F
30:05.8,96.71 *F
30:15.8,4095
30:15.8,269
30:15.8,66.00%
30:15.8,30.80 *C
30:15.8, 87.44 *F
30:15.8,96.71 *F
30:25.8,4095
30:25.8,259
30:25.9,66.00%
30:25.9,30.80 *C
30:25.9, 87.44 *F
30:25.9,96.71 *F
30:35.9,4095
30:35.9,245
30:35.9,66.00%
30:35.9,30.80 *C
30:35.9, 87.44 *F
30:35.9,96.71 *F
30:45.9,4095
30:45.9,272
30:45.9,66.00%
30:45.9,30.80 *C
30:45.9, 87.44 *F
30:45.9,96.71 *F
30:55.9,4095
30:55.9,253
30:55.9,66.00%
30:55.9,30.80 *C
30:55.9, 87.44 *F
30:55.9,96.71 *F
31:05.9,4095
31:05.9,251
31:06.0,66.00%
31:06.0,30.80 *C
31:06.0, 87.44 *F
31:06.0,96.71 *F
31:16.0,4095
31:16.0,253
31:16.0,66.00%
31:16.0,30.80 *C
31:16.0, 87.44 *F
31:16.0,96.71 *F
31:26.0,4095
31:26.0,246
31:26.0,66.00%
31:26.0,30.80 *C
31:26.0, 87.44 *F
31:26.0,96.71 *F
31:36.2,4095
31:36.2,254
31:36.2,66.00%
31:36.2,30.80 *C
31:36.2, 87.44 *F
31:36.2,96.71 *F
31:46.0,4095
31:46.1,261
31:46.1,66.00%
31:46.1,30.80 *C
31:46.1, 87.44 *F
31:46.1,96.71 *F
31:56.1,4095
31:56.1,247
31:56.1,66.00%
31:56.1,30.80 *C
31:56.1, 87.44 *F
31:56.1,96.71 *F
32:06.1,4095
32:06.1,258
32:06.1,66.00%
32:06.1,30.80 *C
32:06.1, 87.44 *F
32:06.1,96.71 *F
32:16.1,4095
32:16.1,250
32:16.1,66.00%
32:16.1,30.80 *C
32:16.1, 87.44 *F
32:16.1,96.71 *F
32:26.1,4095
32:26.1,270
32:26.2,66.00%
32:26.2,30.80 *C
32:26.2, 87.44 *F
32:26.2,96.71 *F
32:36.2,4095
32:36.2,247
32:36.2,66.00%
32:36.2,30.80 *C
32:36.2, 87.44 *F
32:36.2,96.71 *F
32:46.2,4095
32:46.2,260
32:46.2,66.00%
32:46.2,30.80 *C
32:46.2, 87.44 *F
32:46.2,96.71 *F
32:56.2,4095
32:56.2,253
32:56.2,66.00%
32:56.2,30.80 *C
32:56.2, 87.44 *F
32:56.2,96.71 *F
33:06.2,4095
33:06.2,247
33:06.2,66.00%
33:06.3,30.80 *C
33:06.3, 87.44 *F
33:06.3,96.71 *F
33:16.3,4095
33:16.3,256
33:16.3,66.00%
33:16.3,30.80 *C
33:16.3, 87.44 *F
33:16.3,96.71 *F
33:26.3,4095
33:26.3,257
33:26.3,66.00%
33:26.3,30.80 *C
33:26.3, 87.44 *F
33:26.3,96.71 *F
33:36.3,4095
33:36.3,257
33:36.3,66.00%
33:36.3,30.80 *C
33:36.3, 87.44 *F
33:36.3,96.71 *F
33:46.3,4095
33:46.3,255
33:46.4,66.00%
33:46.4,30.80 *C
33:46.4, 87.44 *F
33:46.4,96.71 *F
33:56.4,4095
33:56.4,254
33:56.4,66.00%
33:56.4,30.80 *C
33:56.4, 87.44 *F
33:56.4,96.71 *F
34:06.4,4095
34:06.4,266
34:06.4,66.00%
34:06.4,30.80 *C
34:06.4, 87.44 *F
34:06.4,96.71 *F
34:16.4,4095
34:16.4,241
34:16.4,66.00%
34:16.4,30.80 *C
34:16.4, 87.44 *F
34:16.4,96.71 *F
34:26.4,4095
34:26.4,250
34:26.5,66.00%
34:26.5,30.80 *C
34:26.5, 87.44 *F
34:26.5,96.71 *F
34:36.5,4095
34:36.5,265
34:36.5,66.00%
34:36.5,30.80 *C
34:36.5, 87.44 *F
34:36.5,96.71 *F
34:46.5,4095
34:46.5,272
34:46.5,66.00%
34:46.5,30.80 *C
34:46.5, 87.44 *F
34:46.5,96.71 *F
34:56.5,4095
34:56.5,261
34:56.5,66.00%
34:56.5,30.80 *C
34:56.5, 87.44 *F
34:56.5,96.71 *F
35:06.5,4095
35:06.5,261
35:06.6,66.00%
35:06.6,30.80 *C
35:06.6, 87.44 *F
35:06.6,96.71 *F
35:16.6,4095
35:16.6,254
35:16.6,66.00%
35:16.6,30.80 *C
35:16.6, 87.44 *F
35:16.6,96.71 *F
35:26.6,4095
35:26.6,242
35:26.6,66.00%
35:26.6,30.80 *C
35:26.6, 87.44 *F
35:26.6,96.71 *F
35:36.6,4095
35:36.6,251
35:36.6,66.00%
35:36.6,30.80 *C
35:36.6, 87.44 *F
35:36.6,96.71 *F
35:46.6,4095
35:46.6,272
35:46.7,66.00%
35:46.7,30.80 *C
35:46.7, 87.44 *F
35:46.7,96.71 *F
35:56.7,4095
35:56.7,262
35:56.7,66.00%
35:56.7,30.80 *C
35:56.7, 87.44 *F
35:56.7,96.71 *F
36:06.7,4095
36:06.7,263
36:06.7,66.00%
36:06.7,30.80 *C
36:06.7, 87.44 *F
36:06.7,96.71 *F
36:16.7,4095
36:16.7,265
36:16.7,66.00%
36:16.7,30.80 *C
36:16.7, 87.44 *F
36:16.7,96.71 *F
36:26.7,4095
36:26.7,265
36:26.8,66.00%
36:26.8,30.80 *C
36:26.8, 87.44 *F
36:26.8,96.71 *F
36:36.8,4095
36:36.8,253
36:36.8,66.00%
36:36.8,30.80 *C
36:36.8, 87.44 *F
36:36.8,96.71 *F
36:46.8,4095
36:46.8,248
36:46.8,66.00%
36:46.8,30.80 *C
36:46.8, 87.44 *F
36:46.8,96.71 *F
36:56.8,4095
36:56.8,226
36:56.8,66.00%
36:56.8,30.80 *C
36:56.8, 87.44 *F
36:56.8,96.71 *F
37:06.8,4095
37:06.8,256
37:06.8,66.00%
37:06.8,30.80 *C
37:06.8, 87.44 *F
37:06.8,96.71 *F
37:16.9,4095
37:16.9,267
37:16.9,66.00%
37:16.9,30.80 *C
37:16.9, 87.44 *F
37:16.9,96.71 *F
37:26.9,4095
37:26.9,272
37:26.9,66.00%
37:26.9,30.80 *C
37:26.9, 87.44 *F
37:26.9,96.71 *F
37:36.9,4095
37:36.9,258
37:36.9,66.00%
37:36.9,30.80 *C
37:36.9, 87.44 *F
37:36.9,96.71 *F
37:46.9,4095
37:46.9,239
37:47.0,66.00%
37:47.0,30.80 *C
37:47.0, 87.44 *F
37:47.0,96.71 *F
37:56.9,4095
37:56.9,266
37:57.0,66.00%
37:57.0,30.80 *C
37:57.0, 87.44 *F
37:57.0,96.71 *F
38:07.0,4095
38:07.0,255
38:07.0,66.00%
38:07.0,30.80 *C
38:07.0, 87.44 *F
38:07.0,96.71 *F
38:17.0,4095
38:17.0,240
38:17.0,66.00%
38:17.0,30.80 *C
38:17.0, 87.44 *F
38:17.0,96.71 *F
38:27.0,4095
38:27.0,293
38:27.0,66.00%
38:27.0,30.80 *C
38:27.0, 87.44 *F
38:27.0,96.71 *F
38:37.0,4095
38:37.1,249
38:37.1,66.00%
38:37.1,30.80 *C
38:37.1, 87.44 *F
38:37.1,96.71 *F
38:47.1,4095
38:47.1,254
38:47.1,66.00%
38:47.1,30.80 *C
38:47.1, 87.44 *F
38:47.1,96.71 *F
38:57.1,4095
38:57.1,272
38:57.1,66.00%
38:57.1,30.80 *C
38:57.1, 87.44 *F
38:57.1,96.71 *F
39:07.1,4095
39:07.1,234
39:07.1,66.00%
39:07.2,30.80 *C
39:07.2, 87.44 *F
39:07.2,96.71 *F
39:17.1,4095
39:17.2,243
39:17.2,66.00%
39:17.2,30.80 *C
39:17.2, 87.44 *F
39:17.2,96.71 *F
39:27.2,4095
39:27.2,260
39:27.2,66.00%
39:27.2,30.80 *C
39:27.2, 87.44 *F
39:27.2,96.71 *F
39:37.2,4095
39:37.2,263
39:37.2,66.00%
39:37.2,30.80 *C
39:37.2, 87.44 *F
39:37.2,96.71 *F
39:47.2,4095
39:47.2,253
39:47.2,66.00%
39:47.3,30.80 *C
39:47.3, 87.44 *F
39:47.3,96.71 *F
39:57.3,4095
39:57.3,272
39:57.3,66.00%
39:57.3,30.80 *C
39:57.3, 87.44 *F
39:57.3,96.71 *F
40:07.3,4095
40:07.3,247
40:07.3,66.00%
40:07.3,30.80 *C
40:07.3, 87.44 *F
40:07.3,96.71 *F
40:17.3,4095
40:17.3,269
40:17.3,66.00%
40:17.3,30.80 *C
40:17.3, 87.44 *F
40:17.3,96.71 *F
40:27.3,4095
40:27.3,246
40:27.4,66.00%
40:27.4,30.80 *C
40:27.4, 87.44 *F
40:27.4,96.71 *F
40:37.4,4095
40:37.4,260
40:37.4,66.00%
40:37.4,30.80 *C
40:37.4, 87.44 *F
40:37.4,96.71 *F
40:47.4,4095
40:47.4,256
40:47.4,66.00%
40:47.4,30.80 *C
40:47.4, 87.44 *F
40:47.4,96.71 *F
40:57.4,4095
40:57.4,267
40:57.4,66.00%
40:57.4,30.80 *C
40:57.4, 87.44 *F
40:57.4,96.71 *F
41:07.4,4095
41:07.4,243
41:07.4,66.00%
41:07.5,30.80 *C
41:07.5, 87.44 *F
41:07.5,96.71 *F
41:17.4,4095
41:17.4,261
41:17.5,66.00%
41:17.5,30.80 *C
41:17.5, 87.44 *F
41:17.5,96.71 *F
41:27.5,4095
41:27.5,254
41:27.5,66.00%
41:27.5,30.80 *C
41:27.5, 87.44 *F
41:27.5,96.71 *F
41:37.5,4095
41:37.5,269
41:37.5,66.00%
41:37.5,30.80 *C
41:37.5, 87.44 *F
41:37.5,96.71 *F
41:47.5,4095
41:47.5,253
41:47.5,66.00%
41:47.5,30.80 *C
41:47.5, 87.44 *F
41:47.5,96.71 *F
41:57.5,4095
41:57.5,272
41:57.6,66.00%
41:57.6,30.80 *C
41:57.6, 87.44 *F
41:57.6,96.71 *F
42:07.6,4095
42:07.6,248
42:07.6,66.00%
42:07.6,30.80 *C
42:07.6, 87.44 *F
42:07.6,96.71 *F
42:17.6,4095
42:17.6,260
42:17.6,66.00%
42:17.6,30.80 *C
42:17.6, 87.44 *F
42:17.6,96.71 *F
42:27.6,4095
42:27.6,253
42:27.6,66.00%
42:27.7,30.80 *C
42:27.7, 87.44 *F
42:27.7,96.71 *F
42:37.6,4095
42:37.6,247
42:37.7,66.00%
42:37.7,30.80 *C
42:37.7, 87.44 *F
42:37.7,96.71 *F
42:47.7,4095
42:47.7,261
42:47.7,66.00%
42:47.7,30.80 *C
42:47.7, 87.44 *F
42:47.7,96.71 *F
42:57.7,4095
42:57.7,256
42:57.7,66.00%
42:57.7,30.80 *C
42:57.7, 87.44 *F
42:57.7,96.71 *F
43:07.7,4095
43:07.7,262
43:07.7,66.00%
43:07.7,30.80 *C
43:07.7, 87.44 *F
43:07.7,96.71 *F
43:17.7,4095
43:17.8,251
43:17.8,66.00%
43:17.8,30.80 *C
43:17.8, 87.44 *F
43:17.8,96.71 *F
43:27.8,4095
43:27.8,246
43:27.8,66.00%
43:27.8,30.80 *C
43:27.8, 87.44 *F
43:27.8,96.71 *F
43:37.8,4095
43:37.8,271
43:37.8,66.00%
43:37.8,30.80 *C
43:37.8, 87.44 *F
43:37.8,96.71 *F
43:47.8,4095
43:47.8,247
43:47.8,66.00%
43:47.8,30.80 *C
43:47.8, 87.44 *F
43:47.8,96.71 *F
43:57.8,4095
43:57.8,257
43:57.9,66.00%
43:57.9,30.80 *C
43:57.9, 87.44 *F
43:57.9,96.71 *F
44:07.9,4095
44:07.9,249
44:07.9,66.00%
44:07.9,30.80 *C
44:07.9, 87.44 *F
44:07.9,96.71 *F
44:17.9,4095
44:17.9,256
44:17.9,66.00%
44:17.9,30.80 *C
44:17.9, 87.44 *F
44:17.9,96.71 *F
44:27.9,4095
44:27.9,242
44:27.9,66.00%
44:28.0,30.80 *C
44:28.0, 87.44 *F
44:28.0,96.71 *F
44:37.9,4095
44:37.9,272
44:38.0,66.00%
44:38.0,30.80 *C
44:38.0, 87.44 *F
44:38.0,96.71 *F
44:48.0,4095
44:48.0,265
44:48.0,66.00%
44:48.0,30.80 *C
44:48.0, 87.44 *F
44:48.0,96.71 *F
44:58.0,4095
44:58.0,243
44:58.0,66.00%
44:58.0,30.80 *C
44:58.0, 87.44 *F
44:58.0,96.71 *F
45:08.0,4095
45:08.0,254
45:08.0,66.00%
45:08.0,30.80 *C
45:08.1, 87.44 *F
45:08.1,96.71 *F
45:18.0,4095
45:18.0,253
45:18.1,66.00%
45:18.1,30.80 *C
45:18.1, 87.44 *F
45:18.1,96.71 *F
45:28.1,4095
45:28.1,261
45:28.1,66.00%
45:28.1,30.80 *C
45:28.1, 87.44 *F
45:28.1,96.71 *F
45:38.1,4095
45:38.1,244
45:38.1,66.00%
45:38.1,30.80 *C
45:38.1, 87.44 *F
45:38.1,96.71 *F
45:48.1,4095
45:48.1,272
45:48.1,66.00%
45:48.1,30.80 *C
45:48.1, 87.44 *F
45:48.1,96.71 *F
45:58.1,4095
45:58.1,250
45:58.2,66.00%
45:58.2,30.80 *C
45:58.2, 87.44 *F
45:58.2,96.71 *F
46:08.2,4095
46:08.2,270
46:08.2,67.00%
46:08.2,30.80 *C
46:08.2, 87.44 *F
46:08.2,97.20 *F
46:18.2,4095
46:18.2,247
46:18.2,66.00%
46:18.2,30.80 *C
46:18.2, 87.44 *F
46:18.2,96.71 *F
46:28.2,4095
46:28.2,254
46:28.2,66.00%
46:28.2,30.80 *C
46:28.2, 87.44 *F
46:28.2,96.71 *F
46:38.2,4095
46:38.2,267
46:38.3,66.00%
46:38.3,30.80 *C
46:38.3, 87.44 *F
46:38.3,96.71 *F
46:48.3,4095
46:48.3,254
46:48.3,66.00%
46:48.3,30.80 *C
46:48.3, 87.44 *F
46:48.3,96.71 *F
46:58.3,4095
46:58.3,243
46:58.3,66.00%
46:58.3,30.80 *C
46:58.3, 87.44 *F
46:58.3,96.71 *F
47:08.3,4095
47:08.3,262
47:08.3,66.00%
47:08.3,30.80 *C
47:08.3, 87.44 *F
47:08.3,96.71 *F
47:18.3,4095
47:18.3,254
47:18.4,66.00%
47:18.4,30.80 *C
47:18.4, 87.44 *F
47:18.4,96.71 *F
47:28.4,4095
47:28.4,237
47:28.4,66.00%
47:28.4,30.80 *C
47:28.4, 87.44 *F
47:28.4,96.71 *F
47:38.4,4095
47:38.4,263
47:38.4,66.00%
47:38.4,30.80 *C
47:38.4, 87.44 *F
47:38.4,96.71 *F
47:48.4,4095
47:48.4,251
47:48.4,66.00%
47:48.4,30.80 *C
47:48.4, 87.44 *F
47:48.4,96.71 *F
47:58.4,4095
47:58.4,248
47:58.5,66.00%
47:58.5,30.80 *C
47:58.5, 87.44 *F
47:58.5,96.71 *F
48:08.5,4095
48:08.5,264
48:08.5,66.00%
48:08.5,30.80 *C
48:08.5, 87.44 *F
48:08.5,96.71 *F
48:18.5,4095
48:18.5,262
48:18.5,66.00%
48:18.5,30.80 *C
48:18.5, 87.44 *F
48:18.5,96.71 *F
48:28.5,4095
48:28.5,243
48:28.5,66.00%
48:28.5,30.80 *C
48:28.5, 87.44 *F
48:28.5,96.71 *F
48:38.5,4095
48:38.5,240
48:38.6,66.00%
48:38.6,30.80 *C
48:38.6, 87.44 *F
48:38.6,96.71 *F
48:48.6,4095
48:48.6,278
48:48.6,66.00%
48:48.6,30.80 *C
48:48.6, 87.44 *F
48:48.6,96.71 *F
48:58.6,4095
48:58.6,254
48:58.6,66.00%
48:58.6,30.80 *C
48:58.6, 87.44 *F
48:58.6,96.71 *F
49:08.6,4095
49:08.6,245
49:08.6,66.00%
49:08.6,30.80 *C
49:08.6, 87.44 *F
49:08.6,96.71 *F
49:18.6,4095
49:18.6,271
49:18.7,66.00%
49:18.7,30.80 *C
49:18.7, 87.44 *F
49:18.7,96.71 *F
49:28.7,4095
49:28.7,272
49:28.7,66.00%
49:28.7,30.80 *C
49:28.7, 87.44 *F
49:28.7,96.71 *F
49:38.7,4095
49:38.7,247
49:38.7,66.00%
49:38.7,30.80 *C
49:38.7, 87.44 *F
49:38.7,96.71 *F
49:48.7,4095
49:48.7,259
49:48.7,66.00%
49:48.7,30.80 *C
49:48.7, 87.44 *F
49:48.7,96.71 *F
49:58.7,4095
49:58.7,257
49:58.8,66.00%
49:58.8,30.80 *C
49:58.8, 87.44 *F
49:58.8,96.71 *F
50:08.8,4095
50:08.8,249
50:08.8,66.00%
50:08.8,30.80 *C
50:08.8, 87.44 *F
50:08.8,96.71 *F
50:18.8,4095
50:19.0,269
50:19.0,66.00%
50:19.0,30.80 *C
50:19.0, 87.44 *F
50:19.0,96.71 *F
50:28.8,4095
50:28.8,256
50:28.8,66.00%
50:28.8,30.80 *C
50:28.8, 87.44 *F
50:28.8,96.71 *F
50:38.8,4095
50:38.8,250
50:38.8,66.00%
50:38.9,30.80 *C
50:38.9, 87.44 *F
50:38.9,96.71 *F
50:48.8,4095
50:48.8,246
50:48.9,66.00%
50:48.9,30.80 *C
50:48.9, 87.44 *F
50:48.9,96.71 *F
50:58.9,4095
50:58.9,259
50:58.9,66.00%
50:58.9,30.80 *C
50:58.9, 87.44 *F
50:58.9,96.71 *F
51:08.9,4095
51:08.9,243
51:08.9,66.00%
51:08.9,30.80 *C
51:08.9, 87.44 *F
51:08.9,96.71 *F
51:18.9,4095
51:18.9,250
51:19.0,66.00%
51:19.0,30.80 *C
51:19.0, 87.44 *F
51:19.0,96.71 *F
51:29.0,4095
51:29.0,244
51:29.0,66.00%
51:29.0,30.80 *C
51:29.0, 87.44 *F
51:29.0,96.71 *F
51:39.0,4095
51:39.0,253
51:39.0,66.00%
51:39.0,30.80 *C
51:39.0, 87.44 *F
51:39.0,96.71 *F
51:49.0,4095
51:49.0,259
51:49.0,66.00%
51:49.0,30.80 *C
51:49.0, 87.44 *F
51:49.0,96.71 *F
51:59.0,4095
51:59.0,275
51:59.1,66.00%
51:59.1,30.80 *C
51:59.1, 87.44 *F
51:59.1,96.71 *F
52:09.0,4095
52:09.0,257
52:09.1,66.00%
52:09.1,30.80 *C
52:09.1, 87.44 *F
52:09.1,96.71 *F
52:19.1,4095
52:19.1,257
52:19.1,66.00%
52:19.1,30.80 *C
52:19.1, 87.44 *F
52:19.1,96.71 *F
52:29.1,4095
52:29.1,262
52:29.1,66.00%
52:29.1,30.80 *C
52:29.1, 87.44 *F
52:29.1,96.71 *F
52:39.1,4095
52:39.1,254
52:39.1,66.00%
52:39.1,30.80 *C
52:39.1, 87.44 *F
52:39.1,96.71 *F
52:49.2,4095
52:49.2,278
52:49.2,66.00%
52:49.2,30.80 *C
52:49.2, 87.44 *F
52:49.2,96.71 *F
52:59.2,4095
52:59.2,253
52:59.2,66.00%
52:59.2,30.80 *C
52:59.2, 87.44 *F
52:59.2,96.71 *F
53:09.2,4095
53:09.2,263
53:09.2,66.00%
53:09.2,30.80 *C
53:09.2, 87.44 *F
53:09.2,96.71 *F
53:19.2,4095
53:19.2,259
53:19.3,66.00%
53:19.3,30.80 *C
53:19.3, 87.44 *F
53:19.3,96.71 *F
53:29.3,4095
53:29.3,250
53:29.3,66.00%
53:29.3,30.80 *C
53:29.3, 87.44 *F
53:29.3,96.71 *F
53:39.3,4095
53:39.3,255
53:39.3,66.00%
53:39.3,30.80 *C
53:39.3, 87.44 *F
53:39.3,96.71 *F
53:49.3,4095
53:49.3,247
53:49.3,66.00%
53:49.3,30.80 *C
53:49.3, 87.44 *F
53:49.3,96.71 *F
53:59.3,4095
53:59.3,247
53:59.4,66.00%
53:59.4,30.80 *C
53:59.4, 87.44 *F
53:59.4,96.71 *F
54:09.4,4095
54:09.4,245
54:09.4,66.00%
54:09.4,30.80 *C
54:09.4, 87.44 *F
54:09.4,96.71 *F
54:19.4,4095
54:19.4,254
54:19.4,66.00%
54:19.4,30.80 *C
54:19.4, 87.44 *F
54:19.4,96.71 *F
54:29.4,4095
54:29.4,255
54:29.4,66.00%
54:29.4,30.80 *C
54:29.4, 87.44 *F
54:29.4,96.71 *F
54:39.4,4095
54:39.4,252
54:39.4,66.00%
54:39.5,30.80 *C
54:39.5, 87.44 *F
54:39.5,96.71 *F
54:49.5,4095
54:49.5,262
54:49.5,66.00%
54:49.5,30.80 *C
54:49.5, 87.44 *F
54:49.5,96.71 *F
54:59.5,4095
54:59.5,254
54:59.5,66.00%
54:59.5,30.80 *C
54:59.5, 87.44 *F
54:59.5,96.71 *F
55:09.5,4095
55:09.5,257
55:09.5,66.00%
55:09.5,30.80 *C
55:09.5, 87.44 *F
55:09.5,96.71 *F
55:19.5,4095
55:19.5,250
55:19.5,66.00%
55:19.6,30.80 *C
55:19.6, 87.44 *F
55:19.6,96.71 *F
55:29.5,4095
55:29.6,259
55:29.6,66.00%
55:29.6,30.80 *C
55:29.6, 87.44 *F
55:29.6,96.71 *F
55:39.6,4095
55:39.6,256
55:39.6,66.00%
55:39.6,30.80 *C
55:39.6, 87.44 *F
55:39.6,96.71 *F
55:49.6,4095
55:49.6,249
55:49.6,66.00%
55:49.6,30.80 *C
55:49.6, 87.44 *F
55:49.6,96.71 *F
55:59.6,4095
55:59.6,268
55:59.6,66.00%
55:59.7,30.80 *C
55:59.7, 87.44 *F
55:59.7,96.71 *F
56:09.6,4095
56:09.7,253
56:09.7,66.00%
56:09.7,30.80 *C
56:09.7, 87.44 *F
56:09.7,96.71 *F
56:21.2,4095
56:21.2,240
56:21.2,66.00%
56:21.2,30.80 *C
56:21.2, 87.44 *F
56:21.2,96.71 *F
56:29.7,4095
56:29.7,249
56:29.7,66.00%
56:29.7,30.80 *C
56:29.7, 87.44 *F
56:29.7,96.71 *F
56:39.7,4095
56:39.7,258
56:39.7,66.00%
56:39.8,30.80 *C
56:39.8, 87.44 *F
56:39.8,96.71 *F
56:49.7,4095
56:49.8,251
56:49.8,66.00%
56:49.8,30.80 *C
56:49.8, 87.44 *F
56:49.8,96.71 *F
56:59.8,4095
56:59.8,273
56:59.8,66.00%
56:59.8,30.80 *C
56:59.8, 87.44 *F
56:59.8,96.71 *F
57:09.8,4095
57:09.8,250
57:09.8,66.00%
57:09.8,30.80 *C
57:09.8, 87.44 *F
57:09.8,96.71 *F
57:19.8,4095
57:19.8,258
57:19.8,66.00%
57:19.9,30.80 *C
57:19.9, 87.44 *F
57:19.9,96.71 *F
57:29.8,4095
57:29.8,251
57:29.9,66.00%
57:29.9,30.80 *C
57:29.9, 87.44 *F
57:29.9,96.71 *F
57:39.9,4095
57:39.9,252
57:39.9,66.00%
57:39.9,30.80 *C
57:39.9, 87.44 *F
57:39.9,96.71 *F
57:49.9,4095
57:49.9,251
57:49.9,66.00%
57:49.9,30.80 *C
57:49.9, 87.44 *F
57:49.9,96.71 *F
57:59.9,4095
57:59.9,239
57:59.9,66.00%
57:59.9,30.80 *C
57:59.9, 87.44 *F
57:59.9,96.71 *F
58:09.9,4095
58:09.9,259
58:10.0,66.00%
58:10.0,30.80 *C
58:10.0, 87.44 *F
58:10.0,96.71 *F
58:20.0,4095
58:20.0,257
58:20.0,66.00%
58:20.0,30.80 *C
58:20.0, 87.44 *F
58:20.0,96.71 *F
58:30.0,4095
58:30.0,257
58:30.0,66.00%
58:30.0,30.80 *C
58:30.0, 87.44 *F
58:30.0,96.71 *F
58:40.0,4095
58:40.0,257
01:52.5,30.80 *C
01:52.5, 87.44 *F
01:52.5,97.20 *F
02:02.5,4095
02:02.5,259
02:02.5,67.00%
02:02.5,30.80 *C
02:02.5, 87.44 *F
02:02.5,97.20 *F
02:12.5,4095
02:12.5,253
02:12.6,67.00%
02:12.6,30.80 *C
02:12.6, 87.44 *F
02:12.6,97.20 *F
02:22.5,4095
02:22.6,253
02:22.6,67.00%
02:22.6,30.80 *C
02:22.6, 87.44 *F
02:22.6,97.20 *F
02:32.6,4095
02:32.6,251
02:32.6,67.00%
02:32.7,30.80 *C
02:32.7, 87.44 *F
02:32.7,97.20 *F
02:42.6,4095
02:42.6,254
02:42.6,67.00%
02:42.6,30.80 *C
02:42.6, 87.44 *F
02:42.6,97.20 *F
02:52.6,4095
02:52.6,259
02:52.7,66.00%
02:52.7,30.80 *C
02:52.7, 87.44 *F
02:52.7,96.71 *F
03:02.7,4095
03:02.7,258
03:02.7,66.00%
03:02.7,30.80 *C
03:02.7, 87.44 *F
03:02.7,96.71 *F
03:12.7,4095
03:12.7,253
03:12.7,66.00%
03:12.7,30.80 *C
03:12.7, 87.44 *F
03:12.7,96.71 *F
03:22.7,4095
03:22.7,254
03:22.7,67.00%
03:22.7,30.80 *C
03:22.7, 87.44 *F
03:22.7,97.20 *F
03:32.7,4095
03:32.7,253
03:32.8,67.00%
03:32.8,30.80 *C
03:32.8, 87.44 *F
03:32.8,97.20 *F
03:42.8,4095
03:42.8,256
03:42.8,67.00%
03:42.8,30.80 *C
03:42.8, 87.44 *F
03:42.8,97.20 *F
03:52.8,4095
03:52.8,260
03:52.8,67.00%
03:52.8,30.80 *C
03:52.8, 87.44 *F
03:52.8,97.20 *F
04:02.8,4095
04:02.8,256
04:02.8,67.00%
04:02.8,30.50 *C
04:02.8, 86.90 *F
04:02.8,95.89 *F
04:12.8,4095
04:12.8,256
04:12.9,67.00%
04:12.9,30.30 *C
04:12.9, 86.54 *F
04:12.9,95.04 *F
04:22.9,4095
04:22.9,256
04:22.9,67.00%
04:22.9,30.60 *C
04:22.9, 87.08 *F
04:22.9,96.32 *F
04:32.9,4095
04:32.9,253
04:32.9,67.00%
04:32.9,30.50 *C
04:32.9, 86.90 *F
04:32.9,95.89 *F
04:42.9,4095
04:42.9,258
04:42.9,67.00%
04:42.9,30.30 *C
04:42.9, 86.54 *F
04:42.9,95.04 *F
04:52.9,4095
04:52.9,258
04:53.0,67.00%
04:53.0,30.20 *C
04:53.0, 86.36 *F
04:53.0,94.62 *F
05:03.0,4095
05:03.0,248
05:03.0,67.00%
05:03.0,30.20 *C
05:03.0, 86.36 *F
05:03.0,94.62 *F
05:13.0,4095
05:13.0,259
05:13.0,67.00%
05:13.0,30.20 *C
05:13.0, 86.36 *F
05:13.0,94.62 *F
05:23.0,4095
05:23.0,253
05:23.0,67.00%
05:23.0,30.20 *C
05:23.0, 86.36 *F
05:23.0,94.62 *F
05:33.0,4095
05:33.0,257
05:33.1,67.00%
05:33.1,30.20 *C
05:33.1, 86.36 *F
05:33.1,94.62 *F
05:43.1,4095
05:43.1,253
05:43.1,67.00%
05:43.1,30.20 *C
05:43.1, 86.36 *F
05:43.1,94.62 *F
05:53.1,4095
05:53.1,257
05:53.1,67.00%
05:53.1,30.20 *C
05:53.1, 86.36 *F
05:53.1,94.62 *F
06:03.1,4095
06:03.1,250
06:03.1,67.00%
06:03.1,30.20 *C
06:03.1, 86.36 *F
06:03.1,94.62 *F
06:13.1,4095
06:13.1,259
06:13.2,67.00%
06:13.2,30.20 *C
06:13.2, 86.36 *F
06:13.2,94.62 *F
06:23.2,4095
06:23.2,251
06:23.2,67.00%
06:23.2,30.20 *C
06:23.2, 86.36 *F
06:23.2,94.62 *F
06:33.2,4095
06:33.2,250
06:33.2,67.00%
06:33.2,30.20 *C
06:33.2, 86.36 *F
06:33.2,94.62 *F
06:43.2,4095
06:43.2,249
06:43.2,67.00%
06:43.2,30.20 *C
06:43.2, 86.36 *F
06:43.2,94.62 *F
06:53.2,4095
06:53.2,256
06:53.3,67.00%
06:53.3,30.20 *C
06:53.3, 86.36 *F
06:53.3,94.62 *F
07:03.3,4095
07:03.3,259
07:03.3,67.00%
07:03.3,30.20 *C
07:03.3, 86.36 *F
07:03.3,94.62 *F
07:13.3,4095
07:13.3,252
07:13.3,67.00%
07:13.3,30.20 *C
07:13.3, 86.36 *F
07:13.3,94.62 *F
07:23.3,4095
07:23.3,255
07:23.3,67.00%
07:23.3,30.20 *C
07:23.3, 86.36 *F
07:23.3,94.62 *F
07:33.3,4095
07:33.3,250
07:33.4,67.00%
07:33.4,30.20 *C
07:33.4, 86.36 *F
07:33.4,94.62 *F
07:43.4,4095
07:43.4,251
07:43.4,67.00%
07:43.4,30.20 *C
07:43.4, 86.36 *F
07:43.4,94.62 *F
07:53.4,4095
07:53.4,251
07:53.4,67.00%
07:53.4,30.20 *C
07:53.4, 86.36 *F
07:53.4,94.62 *F
08:03.4,4095
08:03.4,258
08:03.4,67.00%
08:03.4,30.20 *C
08:03.4, 86.36 *F
08:03.4,94.62 *F
08:13.4,4095
08:13.4,257
08:13.5,67.00%
08:13.5,30.20 *C
08:13.5, 86.36 *F
08:13.5,94.62 *F
08:23.5,4095
08:23.5,259
08:23.5,67.00%
08:23.5,30.20 *C
08:23.5, 86.36 *F
08:23.5,94.62 *F
08:33.5,4095
08:33.5,240
08:33.5,67.00%
08:33.5,30.20 *C
08:33.5, 86.36 *F
08:33.5,94.62 *F
08:43.5,4095
08:43.5,254
08:43.5,67.00%
08:43.5,30.20 *C
08:43.5, 86.36 *F
08:43.5,94.62 *F
08:53.5,4095
08:53.5,259
08:53.6,67.00%
08:53.6,30.20 *C
08:53.6, 86.36 *F
08:53.6,94.62 *F
09:03.5,4095
09:03.6,259
09:03.6,67.00%
09:03.6,30.20 *C
09:03.6, 86.36 *F
09:03.6,94.62 *F
09:13.6,4095
09:13.6,251
09:13.6,67.00%
09:13.6,30.20 *C
09:13.6, 86.36 *F
09:13.6,94.62 *F
09:23.6,4095
09:23.6,251
09:23.6,67.00%
09:23.6,30.20 *C
09:23.6, 86.36 *F
09:23.6,94.62 *F
09:33.6,4095
09:33.6,251
09:33.7,67.00%
09:33.7,30.20 *C
09:33.7, 86.36 *F
09:33.7,94.62 *F
09:43.6,4095
09:43.7,257
09:43.7,67.00%
09:43.7,30.20 *C
09:43.7, 86.36 *F
09:43.7,94.62 *F
09:53.7,4095
09:53.7,256
09:53.7,67.00%
09:53.7,30.20 *C
09:53.7, 86.36 *F
09:53.7,94.62 *F
10:03.7,4095
10:03.7,261
10:03.7,67.00%
10:03.7,30.20 *C
10:03.7, 86.36 *F
10:03.7,94.62 *F
10:13.7,4095
10:13.7,249
10:13.7,67.00%
10:13.8,30.20 *C
10:13.8, 86.36 *F
10:13.8,94.62 *F
10:23.7,4095
10:23.8,259
10:23.8,67.00%
10:23.8,30.20 *C
10:23.8, 86.36 *F
10:23.8,94.62 *F
10:33.8,4095
10:33.8,256
10:33.8,67.00%
10:33.8,30.20 *C
10:33.8, 86.36 *F
10:33.8,94.62 *F
10:43.8,4095
10:43.8,258
10:43.8,67.00%
10:43.8,30.20 *C
10:43.8, 86.36 *F
10:43.8,94.62 *F
10:53.8,4095
10:53.8,256
10:53.8,67.00%
10:53.8,30.20 *C
10:53.8, 86.36 *F
10:53.8,94.62 *F
11:03.8,4095
11:03.9,259
11:03.9,67.00%
11:03.9,30.20 *C
11:03.9, 86.36 *F
11:03.9,94.62 *F
11:13.9,4095
11:13.9,251
11:13.9,67.00%
11:13.9,30.20 *C
11:13.9, 86.36 *F
11:13.9,94.62 *F
11:23.9,4095
11:23.9,256
11:23.9,67.00%
11:23.9,30.20 *C
11:23.9, 86.36 *F
11:23.9,94.62 *F
11:33.9,4095
11:33.9,256
11:33.9,68.00%
11:33.9,29.80 *C
11:33.9, 85.64 *F
11:33.9,93.39 *F
11:43.9,4095
11:43.9,251
11:44.0,68.00%
11:44.0,29.80 *C
11:44.0, 85.64 *F
11:44.0,93.39 *F
11:54.0,4095
11:54.0,272
11:54.0,68.00%
11:54.0,29.80 *C
11:54.0, 85.64 *F
11:54.0,93.39 *F
12:04.0,4095
12:04.0,250
12:04.0,68.00%
12:04.0,29.80 *C
12:04.0, 85.64 *F
12:04.0,93.39 *F
12:14.0,4095
12:14.0,247
12:14.0,68.00%
12:14.1,29.80 *C
12:14.1, 85.64 *F
12:14.1,93.39 *F
12:24.0,4095
12:24.1,255
12:24.1,68.00%
12:24.1,29.80 *C
12:24.1, 85.64 *F
12:24.1,93.39 *F
12:34.1,4095
12:34.1,258
12:34.1,68.00%
12:34.1,29.80 *C
12:34.1, 85.64 *F
12:34.1,93.39 *F
12:44.1,4095
12:44.1,260
12:44.1,68.00%
12:44.1,29.80 *C
12:44.1, 85.64 *F
12:44.1,93.39 *F
12:54.1,4095
12:54.1,250
12:54.1,69.00%
12:54.2,29.80 *C
12:54.2, 85.64 *F
12:54.2,93.79 *F
13:04.1,4095
13:04.2,258
13:04.2,69.00%
13:04.2,29.80 *C
13:04.2, 85.64 *F
13:04.2,93.79 *F
13:14.2,4095
13:14.2,256
13:14.2,69.00%
13:14.2,29.80 *C
13:14.2, 85.64 *F
13:14.2,93.79 *F
13:24.2,4095
13:24.2,268
13:24.2,69.00%
13:24.2,29.80 *C
13:24.2, 85.64 *F
13:24.2,93.79 *F
13:34.2,4095
13:34.2,257
13:34.2,69.00%
13:34.3,29.80 *C
13:34.3, 85.64 *F
13:34.3,93.79 *F
13:44.2,4095
13:44.3,247
13:44.3,69.00%
13:44.3,29.80 *C
13:44.3, 85.64 *F
13:44.3,93.79 *F
13:54.3,4095
13:54.3,250
13:54.3,69.00%
13:54.3,29.80 *C
13:54.3, 85.64 *F
13:54.3,93.79 *F
14:04.3,4095
14:04.3,257
14:04.3,69.00%
14:04.3,29.80 *C
14:04.3, 85.64 *F
14:04.3,93.79 *F
14:14.3,4095
14:14.3,240
14:14.3,69.00%
14:14.4,29.80 *C
14:14.4, 85.64 *F
14:14.4,93.79 *F
14:24.3,4095
14:24.3,253
14:24.4,69.00%
14:24.4,29.80 *C
14:24.4, 85.64 *F
14:24.4,93.79 *F
14:34.4,4095
14:34.4,257
14:34.4,68.00%
14:34.4,29.80 *C
14:34.4, 85.64 *F
14:34.4,93.39 *F
14:44.4,4095
14:44.4,280
14:44.4,68.00%
14:44.4,29.80 *C
14:44.4, 85.64 *F
14:44.4,93.39 *F
14:54.4,4095
14:54.4,253
14:54.4,68.00%
14:54.5,29.80 *C
14:54.5, 85.64 *F
14:54.5,93.39 *F
15:04.4,4095
15:04.4,256
15:04.5,68.00%
15:04.5,29.80 *C
15:04.5, 85.64 *F
15:04.5,93.39 *F
15:14.5,4095
15:14.5,250
15:14.5,68.00%
15:14.5,29.80 *C
15:14.5, 85.64 *F
15:14.5,93.39 *F
15:24.5,4095
15:24.5,256
15:24.5,68.00%
15:24.5,29.80 *C
15:24.5, 85.64 *F
15:24.5,93.39 *F
15:34.5,4095
15:34.5,258
15:34.5,68.00%
15:34.6,29.80 *C
15:34.6, 85.64 *F
15:34.6,93.39 *F
15:44.5,4095
15:44.5,247
15:44.6,68.00%
15:44.6,29.80 *C
15:44.6, 85.64 *F
15:44.6,93.39 *F
15:54.6,4095
15:54.6,252
15:54.6,68.00%
15:54.6,29.80 *C
15:54.6, 85.64 *F
15:54.6,93.39 *F
16:04.6,4095
16:04.6,249
16:04.6,68.00%
16:04.6,29.80 *C
16:04.6, 85.64 *F
16:04.6,93.39 *F
16:14.6,4095
16:14.6,240
16:14.6,68.00%
16:14.6,29.80 *C
16:14.6, 85.64 *F
16:14.6,93.39 *F
16:24.6,4095
16:24.6,256
16:24.7,68.00%
16:24.7,29.80 *C
16:24.7, 85.64 *F
16:24.7,93.39 *F
16:34.7,4095
16:34.7,255
16:34.7,68.00%
16:34.7,29.80 *C
16:34.7, 85.64 *F
16:34.7,93.39 *F
16:44.7,4095
16:44.7,252
16:44.7,68.00%
16:44.7,29.80 *C
16:44.7, 85.64 *F
16:44.7,93.39 *F
16:54.7,4095
16:54.7,255
16:54.7,68.00%
16:54.8,29.80 *C
16:54.8, 85.64 *F
16:54.8,93.39 *F
17:04.7,4095
17:04.7,253
17:04.8,68.00%
17:04.8,29.80 *C
17:04.8, 85.64 *F
17:04.8,93.39 *F
17:14.8,4095
17:14.8,253
17:14.8,68.00%
17:14.8,29.80 *C
17:14.8, 85.64 *F
17:14.8,93.39 *F
17:24.8,4095
17:24.8,250
17:24.8,68.00%
17:24.8,29.80 *C
17:24.8, 85.64 *F
17:24.8,93.39 *F
17:34.8,4095
17:34.8,254
17:34.8,68.00%
17:34.8,29.80 *C
17:34.8, 85.64 *F
17:34.8,93.39 *F
17:44.8,4095
17:44.8,249
17:44.9,68.00%
17:44.9,29.80 *C
17:44.9, 85.64 *F
17:44.9,93.39 *F
17:54.9,4095
17:54.9,251
17:54.9,68.00%
17:54.9,29.80 *C
17:54.9, 85.64 *F
17:54.9,93.39 *F
18:04.9,4095
18:04.9,259
18:04.9,68.00%
18:04.9,29.80 *C
18:04.9, 85.64 *F
18:04.9,93.39 *F
18:14.9,4095
18:14.9,260
18:14.9,68.00%
18:14.9,29.80 *C
18:14.9, 85.64 *F
18:14.9,93.39 *F
18:24.9,4095
18:24.9,251
18:25.0,68.00%
18:25.0,29.80 *C
18:25.0, 85.64 *F
18:25.0,93.39 *F
18:35.0,4095
18:35.0,253
18:35.0,68.00%
18:35.0,29.80 *C
18:35.0, 85.64 *F
18:35.0,93.39 *F
18:45.0,4095
18:45.0,256
18:45.0,68.00%
18:45.0,29.80 *C
18:45.0, 85.64 *F
18:45.0,93.39 *F
18:55.0,4095
18:55.0,250
18:55.0,68.00%
18:55.0,29.80 *C
18:55.0, 85.64 *F
18:55.0,93.39 *F
19:05.0,4095
19:05.0,258
19:05.1,68.00%
19:05.1,29.80 *C
19:05.1, 85.64 *F
19:05.1,93.39 *F
19:15.1,4095
19:15.1,257
19:15.1,68.00%
19:15.1,29.80 *C
19:15.1, 85.64 *F
19:15.1,93.39 *F
19:25.1,4095
19:25.1,261
19:25.1,68.00%
19:25.1,29.80 *C
19:25.1, 85.64 *F
19:25.1,93.39 *F
19:35.1,4095
19:35.1,250
19:35.1,68.00%
19:35.1,29.80 *C
19:35.1, 85.64 *F
19:35.1,93.39 *F
19:45.1,4095
19:45.1,258
19:45.2,68.00%
19:45.2,29.80 *C
19:45.2, 85.64 *F
19:45.2,93.39 *F
19:55.2,4095
19:55.2,253
19:55.2,68.00%
19:55.2,29.80 *C
19:55.2, 85.64 *F
19:55.2,93.39 *F
20:05.2,4095
20:05.2,256
20:05.2,68.00%
20:05.2,29.80 *C
20:05.2, 85.64 *F
20:05.2,93.39 *F
20:15.2,4095
20:15.2,256
20:15.2,68.00%
20:15.2,29.80 *C
20:15.2, 85.64 *F
20:15.2,93.39 *F
20:25.2,4095
20:25.2,249
20:25.3,68.00%
20:25.3,29.80 *C
20:25.3, 85.64 *F
20:25.3,93.39 *F
20:35.3,4095
20:35.3,256
20:35.3,68.00%
20:35.3,29.80 *C
20:35.3, 85.64 *F
20:35.3,93.39 *F
20:45.3,4095
20:45.3,257
20:45.3,68.00%
20:45.3,29.80 *C
20:45.3, 85.64 *F
20:45.3,93.39 *F
20:55.3,4095
20:55.3,254
20:55.3,68.00%
20:55.3,29.80 *C
20:55.3, 85.64 *F
20:55.3,93.39 *F
21:05.3,4095
21:05.3,256
21:05.4,68.00%
21:05.4,29.80 *C
21:05.4, 85.64 *F
21:05.4,93.39 *F
21:15.4,4095
21:15.4,257
21:15.4,68.00%
21:15.4,29.80 *C
21:15.4, 85.64 *F
21:15.4,93.39 *F
21:25.4,4095
21:25.4,259
21:25.4,68.00%
21:25.4,29.80 *C
21:25.4, 85.64 *F
21:25.4,93.39 *F
21:35.4,4095
21:35.4,258
21:35.4,68.00%
21:35.4,29.80 *C
21:35.4, 85.64 *F
21:35.4,93.39 *F
21:45.4,4095
21:45.4,258
21:45.5,68.00%
21:45.5,29.80 *C
21:45.5, 85.64 *F
21:45.5,93.39 *F
21:55.5,4095
21:55.5,256
21:55.5,68.00%
21:55.5,29.80 *C
21:55.5, 85.64 *F
21:55.5,93.39 *F
22:05.5,4095
22:05.5,252
22:05.5,68.00%
22:05.5,29.80 *C
22:05.5, 85.64 *F
22:05.5,93.39 *F
22:15.5,4095
22:15.5,263
22:15.5,68.00%
22:15.5,29.80 *C
22:15.5, 85.64 *F
22:15.5,93.39 *F
22:25.5,4095
22:25.5,258
22:25.6,68.00%
22:25.6,29.80 *C
22:25.6, 85.64 *F
22:25.6,93.39 *F
22:35.6,4095
22:35.6,240
22:35.6,68.00%
22:35.6,29.80 *C
22:35.6, 85.64 *F
22:35.6,93.39 *F
22:45.6,4095
22:45.6,241
22:45.6,68.00%
22:45.6,29.80 *C
22:45.6, 85.64 *F
22:45.6,93.39 *F
22:55.6,4095
22:55.6,258
22:55.6,68.00%
22:55.6,29.80 *C
22:55.6, 85.64 *F
22:55.6,93.39 *F
23:05.6,4095
23:05.6,260
23:05.7,68.00%
23:05.7,29.80 *C
23:05.7, 85.64 *F
23:05.7,93.39 *F
23:15.7,4095
23:15.7,257
23:15.7,68.00%
23:15.7,29.80 *C
23:15.7, 85.64 *F
23:15.7,93.39 *F
23:25.7,4095
23:25.7,261
23:25.7,68.00%
23:25.7,29.80 *C
23:25.7, 85.64 *F
23:25.7,93.39 *F
23:35.7,4095
23:35.7,252
23:35.7,68.00%
23:35.7,29.80 *C
23:35.7, 85.64 *F
23:35.7,93.39 *F
23:45.7,4095
23:45.7,237
23:45.8,68.00%
23:45.8,29.80 *C
23:45.8, 85.64 *F
23:45.8,93.39 *F
23:55.8,4095
23:55.8,259
23:55.8,68.00%
23:55.8,29.80 *C
23:55.8, 85.64 *F
23:55.8,93.39 *F
24:05.8,4095
24:05.8,251
24:05.8,68.00%
24:05.8,29.80 *C
24:05.8, 85.64 *F
24:05.8,93.39 *F
24:15.8,4095
24:15.8,266
24:15.8,68.00%
24:15.8,29.80 *C
24:15.8, 85.64 *F
24:15.8,93.39 *F
24:25.8,4095
24:25.8,249
24:25.9,68.00%
24:25.9,29.80 *C
24:25.9, 85.64 *F
24:25.9,93.39 *F
24:35.9,4095
24:35.9,257
24:35.9,68.00%
24:35.9,29.80 *C
24:35.9, 85.64 *F
24:35.9,93.39 *F
24:45.9,4095
24:45.9,259
24:45.9,68.00%
24:45.9,29.80 *C
24:45.9, 85.64 *F
24:45.9,93.39 *F
24:56.1,4095
24:56.1,255
24:56.1,68.00%
24:56.1,29.80 *C
24:56.1, 85.64 *F
24:56.1,93.39 *F
25:05.9,4095
25:05.9,260
25:05.9,68.00%
25:06.0,29.80 *C
25:06.0, 85.64 *F
25:06.0,93.39 *F
25:15.9,4095
25:16.0,260
25:16.0,68.00%
25:16.0,29.80 *C
25:16.0, 85.64 *F
25:16.0,93.39 *F
25:26.0,4095
25:26.0,263
25:26.0,68.00%
25:26.0,29.80 *C
25:26.0, 85.64 *F
25:26.0,93.39 *F
25:36.0,4095
25:36.0,256
25:36.0,68.00%
25:36.0,29.80 *C
25:36.0, 85.64 *F
25:36.0,93.39 *F
18:32.0,ï¿½PV
18:32.0,Cï¿½)ï¿½ï¿½pUï¿½h4ï¿½ï¿½!ï¿½4095
18:32.0,258
18:32.0,63.00%
18:32.0,29.30 *C
18:32.0, 84.74 *F
18:32.0,89.72 *F
18:42.0,4095
18:42.0,255
18:42.0,63.00%
18:42.0,29.30 *C
18:42.0, 84.74 *F
18:42.0,89.72 *F
18:52.0,4095
18:52.0,253
18:52.0,63.00%
18:52.1,29.30 *C
18:52.1, 84.74 *F
18:52.1,89.72 *F
19:02.0,4095
19:02.0,265
19:02.1,63.00%
19:02.1,29.30 *C
19:02.1, 84.74 *F
19:02.1,89.72 *F
19:12.1,4095
19:12.1,257
19:12.1,63.00%
19:12.1,29.30 *C
19:12.1, 84.74 *F
19:12.1,89.72 *F
19:22.1,4095
19:22.1,253
19:22.1,63.00%
19:22.1,29.30 *C
19:22.1, 84.74 *F
19:22.1,89.72 *F
19:32.1,4095
19:32.1,261
19:32.1,63.00%
19:32.1,29.30 *C
19:32.2, 84.74 *F
19:32.2,89.72 *F
29:27.6,4095
29:27.6,348
29:27.6,63.00%
29:27.6,29.30 *C
29:27.6, 84.74 *F
29:27.6,89.72 *F
29:37.6,4095
29:37.6,287
29:37.6,63.00%
29:37.7,29.30 *C
29:37.7, 84.74 *F
29:37.7,89.72 *F
41:09.3,4095
41:09.3,410
41:09.4,63.00%
41:09.4,28.90 *C
41:09.4, 84.02 *F
41:09.4,88.39 *F
41:19.4,4095
41:19.4,381
41:19.4,63.00%
41:19.4,28.90 *C
41:19.4, 84.02 *F
41:19.4,88.39 *F
41:29.4,4095
41:29.4,336
41:29.4,63.00%
41:29.4,28.90 *C
41:29.4, 84.02 *F
41:29.4,88.39 *F
41:39.4,4095
41:39.4,807
41:39.4,63.00%
41:39.4,28.90 *C
41:39.4, 84.02 *F
41:39.4,88.39 *F
41:49.4,4095
41:49.4,182
41:49.5,63.00%
41:49.5,28.90 *C
41:49.5, 84.02 *F
41:49.5,88.39 *F
41:59.5,4095
41:59.5,704
41:59.5,63.00%
41:59.5,28.90 *C
41:59.5, 84.02 *F
41:59.5,88.39 *F
42:09.5,4095
42:09.5,203
42:09.5,63.00%
42:09.5,28.90 *C
42:09.5, 84.02 *F
42:09.5,88.39 *F
42:19.5,4095
42:19.5,702
42:19.5,63.00%
42:19.5,28.90 *C
42:19.5, 84.02 *F
42:19.5,88.39 *F
42:29.5,4095
42:29.5,229
42:29.5,63.00%
42:29.6,28.90 *C
42:29.6, 84.02 *F
42:29.6,88.39 *F
42:39.6,4095
42:39.6,461
42:39.6,63.00%
42:39.6,28.90 *C
42:39.6, 84.02 *F
42:39.6,88.39 *F
42:49.6,4095
42:49.6,407
42:49.6,63.00%
42:49.6,28.90 *C
42:49.6, 84.02 *F
42:49.6,88.39 *F
42:59.6,4095
42:59.6,313
42:59.6,63.00%
42:59.6,28.90 *C
42:59.6, 84.02 *F
42:59.6,88.39 *F
43:09.6,4095
43:09.6,813
43:09.6,63.00%
43:09.7,28.90 *C
43:09.7, 84.02 *F
43:09.7,88.39 *F
43:19.6,4095
43:19.7,623
43:19.7,63.00%
43:19.7,28.90 *C
43:19.7, 84.02 *F
43:19.7,88.39 *F
43:29.7,4095
43:29.7,499
43:29.7,63.00%
43:29.7,28.90 *C
43:29.7, 84.02 *F
43:29.7,88.39 *F
43:39.7,4095
43:39.7,421
43:39.7,63.00%
43:39.7,28.90 *C
43:39.7, 84.02 *F
43:39.7,88.39 *F
43:49.7,4095
43:49.7,367
43:49.7,63.00%
43:49.8,28.90 *C
43:49.8, 84.02 *F
43:49.8,88.39 *F
43:59.7,4095
43:59.8,283
43:59.8,63.00%
43:59.8,28.90 *C
43:59.8, 84.02 *F
43:59.8,88.39 *F
44:09.8,4095
44:09.8,225
44:09.8,63.00%
44:09.8,28.90 *C
44:09.8, 84.02 *F
44:09.8,88.39 *F
44:19.8,4095
44:19.8,179
44:19.8,63.00%
44:19.8,28.90 *C
44:19.8, 84.02 *F
44:19.8,88.39 *F
44:29.8,4095
44:29.8,192
44:29.8,63.00%
44:29.9,28.90 *C
44:29.9, 84.02 *F
44:29.9,88.39 *F
44:39.8,4095
44:39.8,353
44:39.9,63.00%
44:39.9,28.90 *C
44:39.9, 84.02 *F
44:39.9,88.39 *F
44:49.9,4095
44:49.9,578
44:49.9,63.00%
44:49.9,28.90 *C
44:49.9, 84.02 *F
44:49.9,88.39 *F
44:59.9,4095
44:59.9,784
44:59.9,63.00%
44:59.9,28.90 *C
44:59.9, 84.02 *F
44:59.9,88.39 *F
45:09.9,4095
45:09.9,357
45:09.9,63.00%
45:10.0,28.90 *C
45:10.0, 84.02 *F
45:10.0,88.39 *F
45:19.9,4095
45:20.0,258
45:20.0,63.00%
45:20.0,28.90 *C
45:20.0, 84.02 *F
45:20.0,88.39 *F
45:30.0,4095
45:30.0,239
45:30.0,63.00%
45:30.0,28.90 *C
45:30.0, 84.02 *F
45:30.0,88.39 *F
45:40.0,4095
45:40.0,258
45:40.0,63.00%
45:40.0,28.90 *C
45:40.0, 84.02 *F
45:40.0,88.39 *F
45:50.0,4095
45:50.0,434
45:50.0,63.00%
45:50.0,28.90 *C
45:50.0, 84.02 *F
45:50.0,88.39 *F
46:00.0,4095
46:00.0,839
46:00.1,63.00%
46:00.1,28.90 *C
46:00.1, 84.02 *F
46:00.1,88.39 *F
46:10.1,4095
46:10.1,486
46:10.1,63.00%
46:10.1,28.90 *C
46:10.1, 84.02 *F
46:10.1,88.39 *F
46:20.1,4095
46:20.1,265
46:20.1,63.00%
46:20.1,28.90 *C
46:20.1, 84.02 *F
46:20.1,88.39 *F
46:30.1,4095
46:30.1,187
46:30.1,63.00%
46:30.1,28.90 *C
46:30.1, 84.02 *F
46:30.1,88.39 *F
46:40.1,4095
46:40.2,218
46:40.2,63.00%
46:40.2,28.90 *C
46:40.2, 84.02 *F
46:40.2,88.39 *F
46:50.2,4095
46:50.2,187
46:50.2,63.00%
46:50.2,28.90 *C
46:50.2, 84.02 *F
46:50.2,88.39 *F
47:00.2,4095
47:00.2,221
47:00.2,63.00%
47:00.2,29.00 *C
47:00.2, 84.20 *F
47:00.2,88.71 *F
47:10.2,4095
47:10.2,297
47:10.2,63.00%
47:10.2,29.00 *C
47:10.2, 84.20 *F
47:10.2,88.71 *F
47:20.2,4095
47:20.2,203
47:20.3,63.00%
47:20.3,29.00 *C
47:20.3, 84.20 *F
47:20.3,88.71 *F
47:30.3,4095
47:30.3,259
47:30.3,63.00%
47:30.3,29.00 *C
47:30.3, 84.20 *F
47:30.3,88.71 *F
47:40.3,4095
47:40.3,615
47:40.3,63.00%
47:40.3,29.00 *C
47:40.3, 84.20 *F
47:40.3,88.71 *F
47:50.3,4095
47:50.3,319
47:50.3,63.00%
47:50.3,29.00 *C
47:50.3, 84.20 *F
47:50.3,88.71 *F
48:00.3,4095
48:00.3,325
48:00.4,63.00%
48:00.4,29.00 *C
48:00.4, 84.20 *F
48:00.4,88.71 *F
48:10.4,4087
48:10.4,679
48:10.4,63.00%
48:10.4,29.00 *C
48:10.4, 84.20 *F
48:10.4,88.71 *F
48:20.4,4095
48:20.4,253
48:20.4,63.00%
48:20.4,29.10 *C
48:20.4, 84.38 *F
48:20.4,89.05 *F
48:30.4,4095
48:30.4,686
48:30.4,63.00%
48:30.4,29.20 *C
48:30.4, 84.56 *F
48:30.4,89.38 *F
48:40.4,4095
48:40.4,221
48:40.5,63.00%
48:40.5,29.30 *C
48:40.5, 84.74 *F
48:40.5,89.72 *F
48:50.5,4095
48:50.5,873
48:50.5,63.00%
48:50.5,29.30 *C
48:50.5, 84.74 *F
48:50.5,89.72 *F
49:00.5,4095
49:00.5,268
49:00.5,63.00%
49:00.5,29.20 *C
49:00.5, 84.56 *F
49:00.5,89.38 *F
49:10.5,4095
49:10.5,602
49:10.5,63.00%
49:10.5,29.10 *C
49:10.5, 84.38 *F
49:10.5,89.05 *F
49:20.5,4095
49:20.5,315
49:20.6,63.00%
49:20.6,29.00 *C
49:20.6, 84.20 *F
49:20.6,88.71 *F
2022-05-27 11:33:47.111,4095
2022-05-27 11:33:47.118,365
2022-05-27 11:33:47.136,63.00 %
2022-05-27 11:33:47.142,29.30 *C
2022-05-27 11:33:47.142," 84.74 *F"
2022-05-27 11:33:47.142,89.72 *F
2022-05-27 11:33:57.136,4095
2022-05-27 11:33:57.143,384
2022-05-27 11:33:57.161,63.00 %
2022-05-27 11:33:57.167,29.30 *C
2022-05-27 11:33:57.167," 84.74 *F"
2022-05-27 11:33:57.167,89.72 *F
2022-05-27 11:34:07.160,4095
2022-05-27 11:34:07.166,394
2022-05-27 11:34:07.185,63.00 %
2022-05-27 11:34:07.191,29.30 *C
2022-05-27 11:34:07.191," 84.74 *F"
2022-05-27 11:34:07.191,89.72 *F
2022-05-27 11:34:17.185,4095
2022-05-27 11:34:17.193,349
2022-05-27 11:34:17.210,63.00 %
2022-05-27 11:34:17.215,29.30 *C
2022-05-27 11:34:17.215," 84.74 *F"
2022-05-27 11:34:17.215,89.72 *F
2022-05-27 11:34:27.210,4095
2022-05-27 11:34:27.215,510
2022-05-27 11:34:27.235,63.00 %
2022-05-27 11:34:27.240,29.30 *C
2022-05-27 11:34:27.241," 84.74 *F"
2022-05-27 11:34:27.241,89.72 *F
2022-05-27 11:34:37.235,4095
2022-05-27 11:34:37.243,208
2022-05-27 11:34:37.259,63.00 %
2022-05-27 11:34:37.264,29.30 *C
2022-05-27 11:34:37.264," 84.74 *F"
2022-05-27 11:34:37.264,89.72 *F
2022-05-27 11:34:47.259,4095
2022-05-27 11:34:47.265,658
2022-05-27 11:34:47.284,63.00 %
2022-05-27 11:34:47.290,29.30 *C
2022-05-27 11:34:47.290," 84.74 *F"
2022-05-27 11:34:47.290,89.72 *F
2022-05-27 11:34:57.284,4070
2022-05-27 11:34:57.290,263
2022-05-27 11:34:57.309,63.00 %
2022-05-27 11:34:57.314,29.30 *C
2022-05-27 11:34:57.315," 84.74 *F"
2022-05-27 11:34:57.315,89.72 *F
2022-05-27 11:35:07.309,4095
2022-05-27 11:35:07.316,349
2022-05-27 11:35:07.333,63.00 %
2022-05-27 11:35:07.338,29.30 *C
2022-05-27 11:35:07.338," 84.74 *F"
2022-05-27 11:35:07.338,89.72 *F
2022-05-27 11:35:17.334,4095
2022-05-27 11:35:17.334,635
2022-05-27 11:35:17.358,63.00 %
2022-05-27 11:35:17.363,29.30 *C
2022-05-27 11:35:17.363," 84.74 *F"
2022-05-27 11:35:17.363,89.72 *F
2022-05-27 11:35:27.358,4095
2022-05-27 11:35:27.366,262
2022-05-27 11:35:27.383,63.00 %
2022-05-27 11:35:27.387,29.30 *C
2022-05-27 11:35:27.387," 84.74 *F"
2022-05-27 11:35:27.388,89.72 *F
2022-05-27 11:35:37.383,4095
2022-05-27 11:35:37.390,694
2022-05-27 11:35:37.408,63.00 %
2022-05-27 11:35:37.413,29.30 *C
2022-05-27 11:35:37.413," 84.74 *F"
2022-05-27 11:35:37.413,89.72 *F
2022-05-27 11:35:47.407,4095
2022-05-27 11:35:47.415,256
2022-05-27 11:35:47.432,63.00 %
2022-05-27 11:35:47.436,29.30 *C
2022-05-27 11:35:47.436," 84.74 *F"
2022-05-27 11:35:47.437,89.72 *F
2022-05-27 11:35:57.432,4095
2022-05-27 11:35:57.439,614
2022-05-27 11:35:57.457,63.00 %
2022-05-27 11:35:57.462,29.30 *C
2022-05-27 11:35:57.462," 84.74 *F"
2022-05-27 11:35:57.462,89.72 *F
2022-05-27 11:36:07.457,4095
2022-05-27 11:36:07.464,267
2022-05-27 11:36:07.482,63.00 %
2022-05-27 11:36:07.486,29.30 *C
2022-05-27 11:36:07.486," 84.74 *F"
2022-05-27 11:36:07.486,89.72 *F
2022-05-27 11:36:17.482,4095
2022-05-27 11:36:17.489,560
2022-05-27 11:36:17.507,63.00 %
2022-05-27 11:36:17.512,29.30 *C
2022-05-27 11:36:17.512," 84.74 *F"
2022-05-27 11:36:17.512,89.72 *F
2022-05-27 11:36:27.506,4095
2022-05-27 11:36:27.512,283
2022-05-27 11:36:27.531,63.00 %
2022-05-27 11:36:27.536,29.30 *C
2022-05-27 11:36:27.536," 84.74 *F"
2022-05-27 11:36:27.536,89.72 *F
2022-05-27 11:36:37.531,4095
2022-05-27 11:36:37.537,647
2022-05-27 11:36:37.556,63.00 %
2022-05-27 11:36:37.560,29.30 *C
2022-05-27 11:36:37.561," 84.74 *F"
2022-05-27 11:36:37.561,89.72 *F
2022-05-27 11:36:47.558,4095
2022-05-27 11:36:47.558,322
2022-05-27 11:36:47.581,63.00 %
2022-05-27 11:36:47.586,29.30 *C
2022-05-27 11:36:47.586," 84.74 *F"
2022-05-27 11:36:47.586,89.72 *F
2022-05-27 11:36:57.580,4095
2022-05-27 11:36:57.585,478
2022-05-27 11:36:57.605,63.00 %
2022-05-27 11:36:57.611,29.30 *C
2022-05-27 11:36:57.611," 84.74 *F"
2022-05-27 11:36:57.611,89.72 *F
2022-05-27 11:37:07.605,4095
2022-05-27 11:37:07.612,409
2022-05-27 11:37:07.630,63.00 %
2022-05-27 11:37:07.635,29.30 *C
2022-05-27 11:37:07.635," 84.74 *F"
2022-05-27 11:37:07.635,89.72 *F
2022-05-27 11:37:17.630,4095
2022-05-27 11:37:17.636,507
2022-05-27 11:37:17.655,63.00 %
2022-05-27 11:37:17.660,29.30 *C
2022-05-27 11:37:17.660," 84.74 *F"
2022-05-27 11:37:17.660,89.72 *F
2022-05-27 11:37:27.655,4095
2022-05-27 11:37:27.662,259
2022-05-27 11:37:27.680,63.00 %
2022-05-27 11:37:27.685,29.30 *C
2022-05-27 11:37:27.685," 84.74 *F"
2022-05-27 11:37:27.685,89.72 *F
2022-05-27 11:37:37.682,4095
2022-05-27 11:37:37.682,801
2022-05-27 11:37:37.704,63.00 %
2022-05-27 11:37:37.710,29.30 *C
2022-05-27 11:37:37.710," 84.74 *F"
2022-05-27 11:37:37.710,89.72 *F
2022-05-27 11:37:47.703,4095
2022-05-27 11:37:47.708,195
2022-05-27 11:37:47.728,63.00 %
2022-05-27 11:37:47.733,29.30 *C
2022-05-27 11:37:47.733," 84.74 *F"
2022-05-27 11:37:47.733,89.72 *F
2022-05-27 11:37:57.729,4095
2022-05-27 11:37:57.737,570
2022-05-27 11:37:57.754,63.00 %
2022-05-27 11:37:57.760,29.30 *C
2022-05-27 11:37:57.760," 84.74 *F"
2022-05-27 11:37:57.760,89.72 *F
2022-05-27 11:38:07.753,4095
2022-05-27 11:38:07.758,197
2022-05-27 11:38:07.778,63.00 %
2022-05-27 11:38:07.783,29.30 *C
2022-05-27 11:38:07.783," 84.74 *F"
2022-05-27 11:38:07.783,89.72 *F
2022-05-27 11:38:17.778,4095
2022-05-27 11:38:17.784,657
2022-05-27 11:38:17.803,63.00 %
2022-05-27 11:38:17.810,29.30 *C
2022-05-27 11:38:17.810," 84.74 *F"
2022-05-27 11:38:17.810,89.72 *F
2022-05-27 11:38:27.802,4095
2022-05-27 11:38:27.807,213
2022-05-27 11:38:27.828,63.00 %
2022-05-27 11:38:27.832,29.30 *C
2022-05-27 11:38:27.832," 84.74 *F"
2022-05-27 11:38:27.832,89.72 *F
2022-05-27 11:38:37.827,4095
2022-05-27 11:38:37.833,662
2022-05-27 11:38:37.852,63.00 %
2022-05-27 11:38:37.858,29.30 *C
2022-05-27 11:38:37.858," 84.74 *F"
2022-05-27 11:38:37.858,89.72 *F
2022-05-27 11:38:47.852,4095
2022-05-27 11:38:47.857,311
2022-05-27 11:38:47.877,63.00 %
2022-05-27 11:38:47.881,29.30 *C
2022-05-27 11:38:47.881," 84.74 *F"
2022-05-27 11:38:47.881,89.72 *F
2022-05-27 11:38:57.877,4095
2022-05-27 11:38:57.881,341
2022-05-27 11:38:57.902,63.00 %
2022-05-27 11:38:57.907,29.30 *C
2022-05-27 11:38:57.911," 84.74 *F"
2022-05-27 11:38:57.911,89.72 *F
2022-05-27 11:39:07.901,4095
2022-05-27 11:39:07.922,499
2022-05-27 11:39:07.927,63.00 %
2022-05-27 11:39:07.931,29.30 *C
2022-05-27 11:39:07.931," 84.74 *F"
2022-05-27 11:39:07.932,89.72 *F
2022-05-27 11:39:17.927,4095
2022-05-27 11:39:17.932,206
2022-05-27 11:39:17.951,63.00 %
2022-05-27 11:39:17.956,29.30 *C
2022-05-27 11:39:17.956," 84.74 *F"
2022-05-27 11:39:17.956,89.72 *F
2022-05-27 11:39:27.950,4095
2022-05-27 11:39:27.954,801
2022-05-27 11:39:27.975,63.00 %
2022-05-27 11:39:27.980,29.30 *C
2022-05-27 11:39:27.980," 84.74 *F"
2022-05-27 11:39:27.980,89.72 *F
2022-05-27 11:39:37.976,4095
2022-05-27 11:39:37.981,261
2022-05-27 11:39:38.000,63.00 %
2022-05-27 11:39:38.005,29.30 *C
2022-05-27 11:39:38.005," 84.74 *F"
2022-05-27 11:39:38.005,89.72 *F
2022-05-27 11:39:48.001,4095
2022-05-27 11:39:48.008,185
2022-05-27 11:39:48.026,63.00 %
2022-05-27 11:39:48.032,29.30 *C
2022-05-27 11:39:48.032," 84.74 *F"
2022-05-27 11:39:48.032,89.72 *F
2022-05-27 11:39:58.025,4095
2022-05-27 11:39:58.030,545
2022-05-27 11:39:58.050,63.00 %
2022-05-27 11:39:58.054,29.30 *C
2022-05-27 11:39:58.055," 84.74 *F"
2022-05-27 11:39:58.055,89.72 *F
2022-05-27 11:40:08.050,4095
2022-05-27 11:40:08.055,641
2022-05-27 11:40:08.075,63.00 %
2022-05-27 11:40:08.080,29.30 *C
2022-05-27 11:40:08.080," 84.74 *F"
2022-05-27 11:40:08.080,89.72 *F
2022-05-27 11:40:18.074,4095
2022-05-27 11:40:18.079,267
2022-05-27 11:40:18.100,63.00 %
2022-05-27 11:40:18.104,29.30 *C
2022-05-27 11:40:18.104," 84.74 *F"
2022-05-27 11:40:18.104,89.72 *F
2022-05-27 11:40:28.099,4095
2022-05-27 11:40:28.104,449
2022-05-27 11:40:28.124,63.00 %
2022-05-27 11:40:28.130,29.30 *C
2022-05-27 11:40:28.131," 84.74 *F"
2022-05-27 11:40:28.131,89.72 *F
2022-05-27 11:40:38.124,4095
2022-05-27 11:40:38.130,495
2022-05-27 11:40:38.149,63.00 %
2022-05-27 11:40:38.154,29.30 *C
2022-05-27 11:40:38.154," 84.74 *F"
2022-05-27 11:40:38.154,89.72 *F
2022-05-27 11:40:48.149,4095
2022-05-27 11:40:48.153,190
2022-05-27 11:40:48.174,63.00 %
2022-05-27 11:40:48.179,29.30 *C
2022-05-27 11:40:48.180," 84.74 *F"
2022-05-27 11:40:48.180,89.72 *F
2022-05-27 11:40:58.173,4095
2022-05-27 11:40:58.178,595
2022-05-27 11:40:58.198,63.00 %
2022-05-27 11:40:58.204,29.30 *C
2022-05-27 11:40:58.204," 84.74 *F"
2022-05-27 11:40:58.204,89.72 *F
2022-05-27 11:41:08.198,4095
2022-05-27 11:41:08.204,465
2022-05-27 11:41:08.223,63.00 %
2022-05-27 11:41:08.229,29.30 *C
2022-05-27 11:41:08.230," 84.74 *F"
2022-05-27 11:41:08.230,89.72 *F
2022-05-27 11:41:18.225,4095
2022-05-27 11:41:18.225,202
2022-05-27 11:41:18.247,63.00 %
2022-05-27 11:41:18.252,29.30 *C
2022-05-27 11:41:18.252," 84.74 *F"
2022-05-27 11:41:18.252,89.72 *F
2022-05-27 11:41:28.247,4095
2022-05-27 11:41:28.254,613
2022-05-27 11:41:28.272,63.00 %
2022-05-27 11:41:28.277,29.30 *C
2022-05-27 11:41:28.277," 84.74 *F"
2022-05-27 11:41:28.277,89.72 *F
2022-05-27 11:41:38.272,4095
2022-05-27 11:41:38.274,242
2022-05-27 11:41:38.297,63.00 %
2022-05-27 11:41:38.298,29.30 *C
2022-05-27 11:41:38.298," 84.74 *F"
2022-05-27 11:41:38.299,89.72 *F
2022-05-27 11:41:48.297,4095
2022-05-27 11:41:48.299,640
2022-05-27 11:41:48.322,63.00 %
2022-05-27 11:41:48.324,29.30 *C
2022-05-27 11:41:48.325," 84.74 *F"
2022-05-27 11:41:48.326,89.72 *F
2022-05-27 11:41:58.322,4095
2022-05-27 11:41:58.323,253
2022-05-27 11:41:58.347,63.00 %
2022-05-27 11:41:58.349,29.30 *C
2022-05-27 11:41:58.350," 84.74 *F"
2022-05-27 11:41:58.352,89.72 *F
2022-05-27 11:42:08.346,4095
2022-05-27 11:42:08.348,640
2022-05-27 11:42:08.371,63.00 %
2022-05-27 11:42:08.373,29.30 *C
2022-05-27 11:42:08.375," 84.74 *F"
2022-05-27 11:42:08.375,89.72 *F
2022-05-27 11:42:18.371,4095
2022-05-27 11:42:18.372,258
2022-05-27 11:42:18.396,63.00 %
2022-05-27 11:42:18.398,29.30 *C
2022-05-27 11:42:18.398," 84.74 *F"
2022-05-27 11:42:18.399,89.72 *F
2022-05-27 11:42:28.396,4095
2022-05-27 11:42:28.398,415
2022-05-27 11:42:28.421,63.00 %
2022-05-27 11:42:28.422,29.30 *C
2022-05-27 11:42:28.424," 84.74 *F"
2022-05-27 11:42:28.425,89.72 *F
2022-05-27 11:42:38.421,4095
2022-05-27 11:42:38.423,698
2022-05-27 11:42:38.446,63.00 %
2022-05-27 11:42:38.448,29.30 *C
2022-05-27 11:42:38.449," 84.74 *F"
2022-05-27 11:42:38.450,89.72 *F
2022-05-27 11:42:48.445,4095
2022-05-27 11:42:48.447,282
2022-05-27 11:42:48.470,63.00 %
2022-05-27 11:42:48.473,29.30 *C
2022-05-27 11:42:48.473," 84.74 *F"
2022-05-27 11:42:48.473,89.72 *F
2022-05-27 11:42:58.470,4095
2022-05-27 11:42:58.474,203
2022-05-27 11:42:58.495,63.00 %
2022-05-27 11:42:58.497,29.30 *C
2022-05-27 11:42:58.497," 84.74 *F"
2022-05-27 11:42:58.499,89.72 *F
2022-05-27 11:43:08.495,4095
2022-05-27 11:43:08.497,599
2022-05-27 11:43:08.521,63.00 %
2022-05-27 11:43:08.521,29.30 *C
2022-05-27 11:43:08.523," 84.74 *F"
2022-05-27 11:43:08.523,89.72 *F
2022-05-27 11:43:18.519,4095
2022-05-27 11:43:18.521,789
2022-05-27 11:43:18.544,63.00 %
2022-05-27 11:43:18.545,29.30 *C
2022-05-27 11:43:18.546," 84.74 *F"
2022-05-27 11:43:18.546,89.72 *F
2022-05-27 11:43:28.544,4095
2022-05-27 11:43:28.547,357
2022-05-27 11:43:28.569,63.00 %
2022-05-27 11:43:28.571,29.30 *C
2022-05-27 11:43:28.572," 84.74 *F"
2022-05-27 11:43:28.574,89.72 *F
2022-05-27 11:43:38.569,4095
2022-05-27 11:43:38.571,193
2022-05-27 11:43:38.594,63.00 %
2022-05-27 11:43:38.595,29.30 *C
2022-05-27 11:43:38.596," 84.74 *F"
2022-05-27 11:43:38.597,89.72 *F
2022-05-27 11:43:48.594,4095
2022-05-27 11:43:48.595,670
2022-05-27 11:43:48.619,63.00 %
2022-05-27 11:43:48.620,29.30 *C
2022-05-27 11:43:48.621," 84.74 *F"
2022-05-27 11:43:48.623,89.72 *F
2022-05-27 11:43:58.619,4095
2022-05-27 11:43:58.619,261
2022-05-27 11:43:58.643,63.00 %
2022-05-27 11:43:58.646,29.30 *C
2022-05-27 11:43:58.646," 84.74 *F"
2022-05-27 11:43:58.647,89.72 *F
2022-05-27 11:44:08.645,4095
2022-05-27 11:44:08.654,585
2022-05-27 11:44:08.668,63.00 %
2022-05-27 11:44:08.669,29.30 *C
2022-05-27 11:44:08.670," 84.74 *F"
2022-05-27 11:44:08.671,89.72 *F
2022-05-27 11:44:18.679,4095
2022-05-27 11:44:18.680,262
2022-05-27 11:44:18.693,63.00 %
2022-05-27 11:44:18.694,29.30 *C
2022-05-27 11:44:18.695," 84.74 *F"
2022-05-27 11:44:18.696,89.72 *F
2022-05-27 11:44:28.692,4095
2022-05-27 11:44:28.693,580
2022-05-27 11:44:28.717,63.00 %
2022-05-27 11:44:28.718,29.30 *C
2022-05-27 11:44:28.719," 84.74 *F"
2022-05-27 11:44:28.720,89.72 *F
2022-05-27 11:44:38.717,4095
2022-05-27 11:44:38.720,197
2022-05-27 11:44:38.742,63.00 %
2022-05-27 11:44:38.748,29.30 *C
2022-05-27 11:44:38.748," 84.74 *F"
2022-05-27 11:44:38.748,89.72 *F
2022-05-27 11:44:48.743,4095
2022-05-27 11:44:48.743,635
2022-05-27 11:44:48.766,63.00 %
2022-05-27 11:44:48.789,29.30 *C
2022-05-27 11:44:48.789," 84.74 *F"
2022-05-27 11:44:48.789,89.72 *F
2022-05-27 11:44:58.767,4095
2022-05-27 11:44:58.777,225
2022-05-27 11:44:58.791,63.00 %
2022-05-27 11:44:58.804,29.30 *C
2022-05-27 11:44:58.804," 84.74 *F"
2022-05-27 11:44:58.804,89.72 *F
2022-05-27 11:45:08.791,4095
2022-05-27 11:45:08.797,698
2022-05-27 11:45:08.816,63.00 %
2022-05-27 11:45:08.820,29.30 *C
2022-05-27 11:45:08.820," 84.74 *F"
2022-05-27 11:45:08.820,89.72 *F
2022-05-27 11:45:18.816,4095
2022-05-27 11:45:18.826,269
2022-05-27 11:45:18.841,63.00 %
2022-05-27 11:45:18.846,29.30 *C
2022-05-27 11:45:18.846," 84.74 *F"
2022-05-27 11:45:18.846,89.72 *F
2022-05-27 11:45:28.841,4095
2022-05-27 11:45:28.847,495
2022-05-27 11:45:28.865,63.00 %
2022-05-27 11:45:28.869,29.30 *C
2022-05-27 11:45:28.869," 84.74 *F"
2022-05-27 11:45:28.869,89.72 *F
2022-05-27 11:45:38.865,4095
2022-05-27 11:45:38.872,286
2022-05-27 11:45:38.890,63.00 %
2022-05-27 11:45:38.896,29.30 *C
2022-05-27 11:45:38.896," 84.74 *F"
2022-05-27 11:45:38.896,89.72 *F
2022-05-27 11:45:48.890,4095
2022-05-27 11:45:48.895,662
2022-05-27 11:45:48.915,63.00 %
2022-05-27 11:45:48.919,29.30 *C
2022-05-27 11:45:48.919," 84.74 *F"
2022-05-27 11:45:48.919,89.72 *F
2022-05-27 11:45:58.915,4095
2022-05-27 11:45:58.919,246
2022-05-27 11:45:58.940,63.00 %
2022-05-27 11:45:58.945,29.30 *C
2022-05-27 11:45:58.945," 84.74 *F"
2022-05-27 11:45:58.945,89.72 *F
2022-05-27 11:46:08.940,4095
2022-05-27 11:46:08.946,656
2022-05-27 11:46:08.964,63.00 %
2022-05-27 11:46:08.968,29.30 *C
2022-05-27 11:46:08.969," 84.74 *F"
2022-05-27 11:46:08.969,89.72 *F
2022-05-27 11:46:18.964,4095
2022-05-27 11:46:18.969,303
2022-05-27 11:46:18.990,63.00 %
2022-05-27 11:46:18.997,29.30 *C
2022-05-27 11:46:18.997," 84.74 *F"
2022-05-27 11:46:18.997,89.72 *F
2022-05-27 11:46:28.989,4095
2022-05-27 11:46:28.994,602
2022-05-27 11:46:29.015,63.00 %
2022-05-27 11:46:29.019,29.30 *C
2022-05-27 11:46:29.019," 84.74 *F"
2022-05-27 11:46:29.019,89.72 *F
2022-05-27 11:46:39.014,4095
2022-05-27 11:46:39.018,283
2022-05-27 11:46:39.039,63.00 %
2022-05-27 11:46:39.043,29.30 *C
2022-05-27 11:46:39.043," 84.74 *F"
2022-05-27 11:46:39.043,89.72 *F
2022-05-27 11:46:49.038,4095
2022-05-27 11:46:49.043,582
2022-05-27 11:46:49.063,63.00 %
2022-05-27 11:46:49.067,29.30 *C
2022-05-27 11:46:49.067," 84.74 *F"
2022-05-27 11:46:49.067,89.72 *F
2022-05-27 11:46:59.065,4095
2022-05-27 11:46:59.065,346
2022-05-27 11:46:59.088,63.00 %
2022-05-27 11:46:59.093,29.30 *C
2022-05-27 11:46:59.093," 84.74 *F"
2022-05-27 11:46:59.093,89.72 *F
2022-05-27 11:47:09.088,4095
2022-05-27 11:47:09.092,193
2022-05-27 11:47:09.113,63.00 %
2022-05-27 11:47:09.117,29.30 *C
2022-05-27 11:47:09.117," 84.74 *F"
2022-05-27 11:47:09.117,89.72 *F
2022-05-27 11:47:19.112,4095
2022-05-27 11:47:19.118,650
2022-05-27 11:47:19.137,63.00 %
2022-05-27 11:47:19.142,29.30 *C
2022-05-27 11:47:19.142," 84.74 *F"
2022-05-27 11:47:19.142,89.72 *F
2022-05-27 11:47:29.137,4095
2022-05-27 11:47:29.141,359
2022-05-27 11:47:29.162,63.00 %
2022-05-27 11:47:29.184,29.30 *C
2022-05-27 11:47:29.184," 84.74 *F"
2022-05-27 11:47:29.184,89.72 *F
2022-05-27 11:47:39.162,4095
2022-05-27 11:47:39.169,211
2022-05-27 11:47:39.187,63.00 %
2022-05-27 11:47:39.188,29.30 *C
2022-05-27 11:47:39.193," 84.74 *F"
2022-05-27 11:47:39.193,89.72 *F
2022-05-27 11:47:49.186,4095
2022-05-27 11:47:49.190,718
2022-05-27 11:47:49.212,63.00 %
2022-05-27 11:47:49.216,29.30 *C
2022-05-27 11:47:49.216," 84.74 *F"
2022-05-27 11:47:49.216,89.72 *F
2022-05-27 11:47:59.211,4095
2022-05-27 11:47:59.216,496
2022-05-27 11:47:59.236,63.00 %
2022-05-27 11:47:59.241,29.30 *C
2022-05-27 11:47:59.241," 84.74 *F"
2022-05-27 11:47:59.241,89.72 *F
